","<a class=""rankingItem-subTitle is-link"" data-analytics-category=""Internal Link"" data-analytics-label=""Global Rank/Worldwide"" href=""/top-websites"" itemprop=""significantLink"">Worldwide</a>", 
"
","<a class=""rankingItem-subTitle is-link"" data-analytics-category=""Internal Link"" data-analytics-label=""Country Rank/840"" href=""/top-websites/united-states"" itemprop=""significantLink"">United States</a>", ,"<i class=""flag us""></i>", 
"
","<a class=""rankingItem-subTitle is-link"" data-analytics-category=""Internal Link"" data-analytics-label=""Category Rank/sports"" href=""/top-websites/category/sports"" itemprop=""significantLink"">Sports</a>", ,"<a class=""rankingItem-categoryEdit js-editCategory"" data-options='{""domain"":""shotput.com"",""category"": ""Sports"",""categoryIconClass"":""sports"",""categoryLabel"": ""Sports""}' itemprop=""name"">Edit</a>","
"5,447,784"
"2,117,644"
"106,307"
<12K
00:01:42
2.39
54.01%
